respondent_id,weight,age_band,region,income_band,cups_per_day,main_channel,Q2_2,Q3,Q5,Q9
R0001,1.335,2,3,2,1,3,0,2,3,6
R0002,1.242,5,2,2,0,3,0,3,3,7
R0003,0.839,2,2,1,0,3,1,4,3,7
R0004,1.559,4,2,1,1,3,1,1,2,2
R0005,1.448,2,3,3,1,2,1,3,3,6
R0006,1.316,4,3,2,1,3,1,2,99,6
R0007,0.99,2,1,3,0,1,1,4,3,6
R0008,0.988,2,3,2,2,1,1,2,3,7
R0009,0.711,1,3,2,2,3,1,2,5,8
R0010,1.382,2,2,1,2,3,0,4,4,8
R0011,0.809,4,2,2,0,2,0,4,2,8
R0012,0.766,3,3,3,1,3,0,1,5,9
R0013,1.291,3,2,2,3,1,1,2,3,7
R0014,0.782,3,2,3,1,1,1,4,2,3
R0015,0.872,3,2,3,1,3,1,2,2,3
R0016,1.27,5,1,2,2,2,0,2,99,6
R0017,1.587,4,2,3,2,2,1,2,99,1
R0018,0.961,3,2,2,3,3,0,2,4,7
R0019,1.186,1,3,3,3,1,1,3,1,5
R0020,0.96,3,2,1,3,2,0,3,3,8
R0021,0.618,4,1,1,1,2,0,4,3,7
R0022,0.954,4,2,2,2,3,0,2,3,5
R0023,1.029,5,1,1,1,2,0,4,4,8
R0024,1.079,3,2,2,0,2,1,3,2,3
R0025,1.557,1,3,1,3,3,1,1,99,10
R0026,1.037,1,2,1,2,1,0,3,4,7
R0027,0.99,5,3,2,3,2,0,4,3,6
R0028,0.951,3,2,1,2,3,1,1,3,3
R0029,1.051,5,1,3,3,2,0,3,4,8
R0030,1.481,5,1,2,2,3,0,3,4,9
R0031,0.995,3,1,1,3,1,0,2,4,6
R0032,0.97,4,3,1,1,1,0,1,4,5
R0033,1.234,2,2,3,3,1,1,1,5,9
R0034,1.058,5,1,2,1,1,0,4,4,5
R0035,1.189,2,2,1,1,2,1,3,3,5
R0036,1.173,5,2,1,2,1,0,4,1,0
R0037,0.84,5,1,3,2,3,1,3,1,2
R0038,1.529,3,1,3,1,2,0,3,3,8
R0039,0.843,3,2,3,1,3,0,3,4,5
R0040,1.491,2,2,2,1,2,1,1,5,
R0041,1.177,1,1,2,0,1,1,2,3,1
R0042,1.309,2,2,2,2,3,1,1,3,7
R0043,0.845,2,2,3,1,2,1,3,4,8
R0044,1.03,3,2,1,0,3,0,3,3,4
R0045,0.711,1,1,1,2,1,1,4,2,4
R0046,0.933,4,3,3,2,1,1,1,4,8
R0047,1.413,5,1,1,2,3,0,2,3,5
R0048,1.288,3,1,2,3,3,0,4,2,3
R0049,1.075,2,1,1,2,1,1,4,3,4
R0050,1.337,2,2,1,3,1,1,1,4,10
R0051,0.701,4,2,3,3,1,1,1,4,8
R0052,0.911,4,1,2,2,2,0,4,4,7
R0053,0.764,1,3,2,3,2,1,3,4,6
R0054,1.284,2,2,3,0,2,1,3,5,
R0055,0.708,1,2,1,3,1,1,4,3,5
R0056,1.148,4,3,3,3,2,0,2,3,3
R0057,0.709,4,1,1,2,2,0,1,4,8
R0058,1.156,2,1,3,2,1,1,1,5,9
R0059,1.096,3,1,3,0,2,0,2,4,10
R0060,1.067,2,1,2,2,3,1,2,3,5
R0061,1.039,2,2,1,2,2,1,4,3,6
R0062,1.016,5,1,2,2,2,0,4,3,3
R0063,1.345,1,2,3,0,3,0,1,4,8
R0064,1.502,4,2,2,2,1,1,2,3,3
R0065,0.727,3,3,2,0,1,0,4,1,2
R0066,0.877,3,1,3,1,2,0,2,4,7
R0067,0.731,1,1,2,1,3,0,1,4,7
R0068,1.579,3,2,3,1,3,0,1,4,6
R0069,1.403,2,3,3,3,3,1,3,4,
R0070,0.855,4,2,1,2,2,1,2,3,6
R0071,0.977,3,3,1,3,2,0,1,4,8
R0072,0.764,4,3,3,1,1,0,1,5,9
R0073,0.728,5,1,3,1,1,0,1,5,10
R0074,1.525,2,1,3,2,2,1,1,3,6
R0075,1.595,5,1,3,2,1,0,3,3,5
R0076,1.219,4,1,2,2,1,1,1,4,6
R0077,0.725,4,3,3,0,1,1,1,4,8
R0078,1.125,2,1,3,1,1,1,1,5,8
R0079,0.942,4,3,3,2,2,1,2,2,
R0080,1.112,1,1,1,3,2,1,4,4,3
R0081,1.508,4,1,1,1,1,0,4,3,7
R0082,1.413,5,2,2,3,3,1,4,4,7
R0083,1.186,2,3,1,0,3,0,4,2,5
R0084,0.697,2,2,1,2,2,1,4,3,3
R0085,0.63,1,2,2,3,1,0,2,2,3
R0086,0.659,3,2,1,2,2,1,3,3,6
R0087,1.178,3,2,3,0,3,0,3,1,2
R0088,1.308,2,3,1,3,3,1,3,2,4
R0089,1.572,5,1,2,3,2,0,3,4,9
R0090,1.546,2,2,1,2,3,1,1,4,8
R0091,1.019,3,2,1,3,3,0,2,4,7
R0092,0.608,5,3,2,2,1,1,1,99,3
R0093,0.954,2,3,2,2,3,0,1,3,
R0094,0.67,3,2,1,2,2,0,4,1,2
R0095,1.076,4,1,2,1,1,0,2,3,6
R0096,1.161,4,1,2,2,3,0,1,3,6
R0097,1.517,1,1,2,1,1,0,2,1,
R0098,1.191,4,2,2,2,1,1,2,4,9
R0099,0.985,1,1,1,2,2,1,2,2,4
R0100,1.209,3,3,1,1,1,1,4,2,1
R0101,0.76,4,3,3,1,1,0,1,3,5
R0102,0.951,3,3,3,2,2,1,3,3,6
R0103,0.78,5,2,2,2,3,1,1,3,6
R0104,1.409,2,1,3,3,2,0,3,3,4
R0105,1.187,4,2,2,2,2,0,2,4,8
R0106,1.209,2,1,2,2,3,1,1,4,6
R0107,1.126,1,3,1,2,1,1,4,5,10
R0108,0.661,4,3,1,1,2,0,4,4,9
R0109,0.772,1,1,2,1,2,1,3,3,6
R0110,1.03,2,1,3,2,3,1,4,3,6
R0111,0.704,2,3,1,3,1,1,4,3,8
R0112,0.983,2,1,3,2,3,0,1,3,
R0113,1.502,1,3,3,3,3,0,3,4,
R0114,1.403,5,2,3,2,3,0,4,5,10
R0115,0.805,2,1,1,3,1,1,1,4,8
R0116,1.095,5,3,2,0,3,1,3,99,7
R0117,1.051,5,3,2,1,1,0,4,3,7
R0118,0.677,1,3,3,1,3,1,1,5,7
R0119,0.673,4,2,1,3,2,1,2,4,7
R0120,1.2,4,1,3,2,1,0,1,4,7
R0121,1.156,4,1,2,2,2,1,2,5,10
R0122,0.83,4,3,2,2,1,1,2,3,7
R0123,0.889,2,1,2,3,1,0,2,2,3
R0124,1.182,3,2,3,2,2,1,3,1,0
R0125,0.746,2,1,2,2,3,1,1,5,9
R0126,1.03,1,1,2,3,1,0,2,3,5
R0127,0.882,2,1,1,1,1,1,1,3,5
R0128,0.796,2,2,3,0,2,1,3,4,8
R0129,1.009,4,2,2,1,1,1,4,4,6
R0130,1.18,1,2,1,2,2,1,3,5,
R0131,1.159,3,2,3,1,1,0,1,4,6
R0132,0.604,4,1,1,1,1,1,4,4,7
R0133,1.3,1,2,3,1,2,1,2,3,6
R0134,1.22,2,3,1,0,1,1,4,2,4
R0135,0.699,1,3,1,2,2,1,1,5,10
R0136,1.295,5,1,3,1,1,0,1,5,9
R0137,1.066,4,2,2,3,3,0,2,2,3
R0138,1.452,1,2,1,2,3,1,2,4,9
R0139,1.013,2,1,2,0,3,0,2,4,7
R0140,0.972,3,3,3,2,2,0,3,2,3
R0141,1.086,1,1,3,2,2,0,3,99,6
R0142,1.425,1,1,3,2,3,1,1,4,9
R0143,1.152,3,3,2,1,3,1,4,4,5
R0144,0.795,4,3,1,1,1,0,3,2,3
R0145,0.688,3,1,2,3,1,0,1,5,10
R0146,1.367,5,3,3,0,3,0,1,5,10
R0147,0.675,3,2,1,2,1,1,1,4,8
R0148,0.959,2,2,3,2,2,1,1,99,
R0149,0.681,5,2,2,1,2,0,3,4,7
R0150,1.031,5,3,1,0,2,1,4,4,8
R0151,1.521,2,1,3,3,1,1,1,4,8
R0152,1.403,5,3,1,1,1,0,4,3,7
R0153,0.922,2,3,3,1,1,1,3,99,6
R0154,0.665,2,1,1,1,2,1,1,2,1
R0155,0.76,2,1,1,1,2,1,1,3,3
R0156,1.255,2,2,1,3,1,1,1,5,10
R0157,0.742,4,1,2,0,2,0,3,2,5
R0158,0.888,2,2,1,1,3,1,4,4,7
R0159,1.466,3,2,2,3,2,0,3,5,
R0160,1.106,5,1,1,1,2,1,1,2,4
R0161,0.66,2,2,1,2,3,0,4,3,9
R0162,0.866,1,1,3,2,2,1,2,3,5
R0163,0.925,2,3,1,3,3,1,4,3,4
R0164,1.355,3,1,3,2,1,0,1,3,3
R0165,1.593,5,1,2,3,2,0,4,4,6
R0166,0.842,4,2,2,2,2,1,2,3,4
R0167,0.734,2,2,2,1,1,1,2,2,4
R0168,1.224,1,3,2,1,2,1,1,5,10
R0169,1.4,4,1,3,2,1,0,4,3,7
R0170,0.993,2,1,1,1,1,1,4,4,6
R0171,0.967,3,2,1,3,1,0,4,4,7
R0172,0.914,4,3,2,2,1,1,1,3,5
R0173,0.963,5,3,3,1,3,0,1,3,5
R0174,1.211,5,3,1,1,3,0,3,4,10
R0175,1.545,1,2,1,1,3,1,4,3,6
R0176,0.841,4,2,2,1,1,1,2,5,10
R0177,1.048,2,3,3,3,1,0,4,5,10
R0178,0.664,2,1,1,0,1,1,4,2,
R0179,0.928,2,3,2,3,2,1,3,4,8
R0180,1.056,4,1,1,1,1,0,4,3,5
R0181,1.293,2,1,2,3,2,1,3,99,9
R0182,0.852,5,3,2,2,1,0,2,4,6
R0183,1.43,1,1,2,3,1,1,4,3,4
R0184,0.71,1,1,2,2,1,1,2,99,8
R0185,0.895,4,1,3,3,3,1,1,4,8
R0186,1.385,1,2,1,2,1,1,4,3,5
R0187,1.407,1,3,2,1,3,1,1,4,8
R0188,1.437,5,3,2,1,2,1,2,2,5
R0189,0.773,2,1,1,1,1,1,3,4,10
R0190,0.79,2,2,1,1,3,1,4,5,10
R0191,1.075,2,2,3,1,1,1,1,5,10
R0192,1.013,1,3,2,3,3,0,1,5,9
R0193,0.754,2,1,2,3,3,1,1,99,8
R0194,1.06,3,3,3,2,2,1,4,3,4
R0195,1.041,4,1,2,2,2,0,1,3,5
R0196,1.129,3,3,1,1,3,1,1,4,9
R0197,1.142,5,1,1,1,1,1,2,4,8
R0198,1.187,3,3,3,3,3,1,4,2,4
R0199,0.948,5,1,1,1,2,1,4,2,
R0200,0.605,1,3,1,2,1,1,4,2,4
R0201,1.309,2,2,2,3,2,1,2,1,0
R0202,1.494,4,1,1,3,3,0,2,3,
R0203,1.549,5,1,2,0,2,0,4,4,6
R0204,0.724,4,1,3,2,2,0,3,3,5
R0205,1.243,2,1,3,2,1,1,1,3,7
R0206,1.285,2,3,1,2,3,1,1,5,9
R0207,0.824,1,2,1,1,2,0,3,4,8
R0208,1.137,1,3,2,2,2,1,2,99,6
R0209,0.93,3,2,2,2,2,0,2,2,5
R0210,0.929,5,1,2,3,1,1,2,4,
R0211,0.902,2,2,1,3,1,1,4,3,2
R0212,0.915,5,1,2,3,1,1,3,2,4
R0213,1.027,3,1,2,3,2,0,3,4,8
R0214,0.987,5,1,2,1,2,0,4,3,
R0215,1.162,5,3,3,1,1,1,2,3,4
R0216,0.708,1,2,3,0,2,1,1,5,9
R0217,1.371,5,3,2,3,3,0,2,4,9
R0218,1.144,3,1,2,1,3,0,1,3,4
R0219,0.843,5,2,1,2,3,1,2,4,5
R0220,0.614,5,2,1,0,2,0,4,2,
R0221,0.911,4,3,3,3,1,0,3,4,9
R0222,1.421,5,1,2,3,3,1,4,1,
R0223,1.385,2,1,2,1,2,0,2,4,10
R0224,1.405,4,3,2,0,3,0,4,3,5
R0225,1.433,5,1,1,0,2,0,1,5,9
R0226,1.412,4,2,1,1,1,1,3,4,5
R0227,1.249,2,3,1,3,2,1,2,4,5
R0228,1.278,3,1,3,1,2,0,2,4,5
R0229,0.976,5,1,1,2,2,0,1,2,3
R0230,0.951,1,3,1,2,1,1,2,3,5
R0231,1.323,4,3,2,1,1,1,2,4,8
R0232,1.416,5,2,3,1,1,1,4,3,4
R0233,1.258,2,3,2,1,1,1,1,5,10
R0234,0.628,1,2,3,1,1,1,1,4,8
R0235,0.797,2,1,1,3,3,1,1,99,7
R0236,1.093,3,1,2,2,1,0,2,3,7
R0237,1.144,4,2,3,3,1,0,2,5,10
R0238,1.552,5,2,1,1,3,0,4,2,4
R0239,0.623,4,2,2,2,2,0,4,1,2
R0240,0.606,4,3,2,1,2,0,4,1,3
